rainfall_mm,drainage_capacity,elevation_m,previous_water_level_m,drainage_blockage_percent,flood
93.7,47.87,15.15,2.36,62.56,1
7.39,84.72,19.56,0.17,89.58,0
77.87,56.77,14.4,1.57,0.1,1
91.11,70.09,5.45,1.04,17.91,1
62.33,36.29,9.82,1.61,67.72,1
30.85,27.49,17.56,1.39,5.79,0
27.78,98.04,19.56,1.76,31.4,0
92.46,49.39,9.38,0.96,0.24,1
24.45,66.1,5.1,1.04,67.51,0
15.16,39.67,4.3,0.4,32.75,0
83.82,99.4,16.94,0.37,85.25,0
114.64,65.3,19.51,1.15,18.61,1
5.45,61.34,24.91,1.51,71.4,0
63.9,90.51,18.35,1.56,53.61,1
98.45,20.95,19.22,0.01,12.91,1
75.44,78.42,1.41,0.86,94.94,1
88.0,45.5,12.82,0.68,58.79,1
38.57,72.0,17.34,0.27,50.74,0
110.54,86.03,1.98,2.18,75.88,1
87.18,54.74,8.21,1.31,0.96,1
67.39,32.55,12.8,1.58,38.58,1
21.35,58.19,17.82,0.3,27.79,0
47.93,46.4,1.06,1.76,97.65,1
82.53,39.24,2.61,0.24,91.0,1
55.81,68.64,7.16,1.01,27.06,1
54.91,37.12,7.75,0.39,95.84,1
76.04,58.69,2.13,0.08,1.38,0
64.01,55.53,3.52,1.41,6.57,1
79.8,49.18,6.82,1.42,6.43,1
74.12,49.05,24.33,0.17,99.36,1
97.6,37.12,24.87,1.75,25.09,1
64.99,49.45,16.42,0.9,38.53,1
109.49,32.34,23.67,0.52,67.58,1
41.71,76.73,24.38,0.91,46.74,0
15.4,85.97,21.99,2.24,22.3,1
39.58,42.88,24.16,1.74,19.31,1
18.11,76.43,10.23,2.36,20.6,0
100.3,95.49,9.26,2.04,51.18,1
10.39,30.85,1.33,1.65,68.2,1
77.02,59.33,6.83,0.71,42.88,1
67.97,72.6,15.3,0.98,27.26,1
99.22,61.79,6.42,1.17,78.87,1
27.88,30.43,16.81,1.66,23.99,1
103.54,52.25,12.08,0.01,69.65,1
45.44,52.99,10.32,2.06,97.48,1
91.78,54.47,5.09,1.07,21.32,1
39.04,29.53,15.92,2.11,79.4,1
106.65,40.64,21.48,0.63,0.12,1
42.43,57.68,8.68,0.4,91.4,1
23.98,90.3,19.61,0.18,85.31,0
50.14,82.32,23.12,2.16,37.94,1
15.75,83.68,23.74,2.37,59.0,1
99.43,20.35,6.52,0.47,5.87,1
22.38,88.42,17.22,0.51,82.39,0
49.17,35.74,9.21,0.86,99.88,1
113.59,93.7,17.86,1.58,81.82,1
118.58,29.26,24.07,0.3,29.32,1
57.48,27.99,4.15,0.92,71.76,1
100.0,53.2,13.78,1.04,88.09,1
33.91,86.41,7.98,1.34,65.79,0
73.7,72.67,4.99,1.55,0.39,0
108.83,87.24,13.2,2.48,39.44,1
66.47,43.9,3.29,1.34,16.62,1
72.87,43.31,21.54,1.71,24.98,1
9.52,37.57,2.98,0.27,91.91,0
46.08,89.85,3.72,0.61,59.39,0
14.16,99.4,6.27,0.73,17.06,0
40.13,29.99,11.27,2.32,23.76,1
43.03,61.34,22.11,2.16,63.69,1
93.99,48.48,22.65,2.29,13.9,1
9.6,83.58,15.99,0.9,35.79,0
54.39,90.99,19.54,0.01,64.34,0
41.22,89.03,20.8,1.93,27.25,0
78.2,88.03,14.56,0.2,82.28,1
44.83,54.57,6.0,0.65,7.73,0
9.96,80.78,8.23,0.92,25.59,0
106.19,24.82,11.09,1.56,75.64,1
92.77,39.76,6.72,0.74,60.61,1
105.98,67.65,2.43,0.77,40.17,1
53.01,41.47,20.73,0.34,83.32,1
74.64,95.18,8.82,1.97,89.05,1
64.05,69.07,12.71,0.8,99.09,1
73.75,94.9,8.76,0.72,64.8,1
35.15,95.69,17.52,2.13,75.47,1
39.6,68.06,12.55,2.24,4.41,1
7.92,94.9,4.82,0.2,23.51,0
39.85,55.63,21.32,0.22,21.57,0
32.84,23.23,11.78,0.13,1.21,0
69.12,24.35,1.12,1.62,16.4,1
70.03,47.65,7.32,0.13,39.67,0
59.64,35.96,3.6,1.98,55.79,1
38.67,91.48,2.22,2.28,24.62,1
12.39,30.33,19.31,1.33,37.84,0
117.56,61.33,16.12,0.45,62.86,1
44.07,98.96,7.35,1.55,62.59,0
61.93,99.33,1.27,0.12,70.84,0
117.36,32.62,18.75,0.24,41.91,1
55.69,53.18,7.97,1.21,65.23,1
41.6,74.92,17.97,1.0,82.21,1
64.78,48.53,23.43,1.77,25.51,1
71.49,72.55,8.04,1.32,68.98,1
103.2,33.72,14.3,2.33,64.39,1
12.83,58.79,5.55,1.65,37.98,0
58.42,40.4,14.6,0.67,38.26,0
94.92,88.6,20.92,0.48,88.34,1
87.64,24.64,19.32,2.11,91.4,1
72.39,75.71,23.77,2.0,27.23,1
9.27,80.88,14.14,1.52,88.77,0
45.33,30.54,16.87,1.9,71.33,1
69.77,32.45,14.4,1.22,34.11,1
39.47,85.41,3.6,2.46,71.45,1
63.92,91.66,11.46,2.4,92.64,1
82.45,98.56,3.7,1.37,56.28,1
23.31,79.48,9.84,2.22,68.65,1
10.8,81.76,17.63,0.08,54.03,0
43.85,39.67,10.65,1.92,83.34,1
17.43,87.38,23.31,1.11,12.85,0
25.57,21.47,11.33,1.14,31.82,0
106.87,31.46,1.83,0.32,69.78,1
47.02,49.01,17.98,0.12,67.37,0
30.16,51.31,7.11,0.02,33.07,0
91.54,54.77,6.82,1.35,17.91,1
17.29,87.86,8.69,0.45,83.63,0
90.63,76.86,3.57,1.6,33.56,1
59.03,56.03,17.26,1.2,59.97,1
73.8,78.88,21.66,1.37,6.61,1
21.98,28.93,11.5,0.16,48.96,0
26.16,41.78,1.08,2.17,6.42,1
79.18,77.4,21.67,1.8,74.75,1
10.59,94.68,6.56,2.35,55.15,1
33.59,66.48,11.59,2.19,94.81,1
67.38,39.55,6.82,0.7,57.93,1
31.08,74.75,2.36,0.63,2.53,0
48.86,93.15,13.78,0.66,38.12,0
111.06,44.39,2.83,2.07,51.64,1
111.42,58.04,3.36,0.07,14.75,1
70.18,31.12,21.8,1.8,1.34,1
66.35,87.36,3.34,1.35,39.02,1
6.71,65.45,14.39,1.57,6.85,0
117.46,22.55,1.91,1.6,47.61,1
70.9,35.4,18.12,0.08,53.79,1
96.05,95.18,2.93,2.01,25.71,1
69.58,72.01,6.77,0.26,68.26,0
105.89,22.42,19.51,2.31,68.95,1
72.18,91.45,11.99,1.28,92.22,1
86.52,21.09,3.5,1.62,17.96,1
22.08,20.98,7.59,1.48,70.64,1
54.27,20.33,8.13,0.92,7.34,1
84.8,23.39,10.92,1.64,71.56,1
17.03,50.9,12.12,1.89,68.34,1
55.55,45.07,6.98,1.6,19.16,1
24.11,46.63,21.12,0.04,30.06,0
63.3,55.82,5.91,1.6,66.09,1
99.19,98.61,2.11,0.05,53.19,1
15.36,86.77,15.9,2.09,1.04,0
97.01,84.95,16.15,2.39,44.64,1
69.99,75.88,3.13,1.7,7.05,1
72.77,58.93,22.75,2.25,57.16,1
27.78,65.01,16.97,0.64,27.01,0
55.15,22.82,12.8,2.01,71.97,1
39.03,39.03,9.87,0.26,12.99,0
9.32,30.35,14.69,2.01,91.84,1
8.53,74.99,3.83,1.71,15.08,0
57.11,37.21,18.66,1.73,31.21,1
90.66,86.04,22.06,1.94,17.98,1
69.09,38.95,3.2,2.43,25.5,1
49.29,93.48,15.51,1.18,30.18,0
24.33,98.7,22.52,2.07,27.05,0
101.4,59.4,20.03,1.96,44.79,1
73.89,90.13,24.56,0.46,74.45,0
95.01,35.98,21.99,0.87,81.97,1
102.58,26.93,6.3,0.44,33.38,1
74.36,78.33,8.14,2.32,58.92,1
94.82,28.56,22.63,1.96,54.84,1
75.81,85.06,12.59,2.41,9.62,1
7.43,81.82,10.64,0.81,54.97,0
91.3,24.65,18.0,0.13,32.29,1
25.24,31.25,8.64,1.15,89.18,1
57.73,70.96,11.69,0.27,82.49,0
64.01,50.33,11.62,2.15,72.36,1
60.66,42.72,4.94,0.13,94.68,1
102.1,49.0,2.51,2.21,33.2,1
25.1,42.74,17.31,1.23,67.17,0
6.68,90.82,2.53,1.89,98.58,0
102.61,95.14,6.62,0.99,19.95,1
90.41,77.86,20.25,1.54,23.41,1
57.52,61.64,14.11,1.01,28.78,1
52.94,78.91,9.84,1.57,56.66,1
18.42,89.29,9.31,2.05,39.13,1
43.95,25.65,2.95,0.13,23.63,0
15.89,29.92,1.83,2.3,17.99,1
87.32,28.8,5.93,1.17,63.76,1
13.86,38.46,12.6,2.47,55.45,1
28.68,89.81,21.42,1.41,45.18,0
70.98,82.71,15.86,1.3,26.45,1
38.79,41.43,8.86,2.13,31.16,1
80.41,80.41,12.61,1.41,94.5,1
97.41,96.99,7.79,1.56,59.98,1
45.39,78.48,1.18,0.36,47.95,0
15.75,66.9,3.41,1.17,61.04,0
98.53,74.45,1.78,0.42,79.19,1
95.26,29.99,1.76,2.05,82.67,1
50.24,97.43,18.01,1.38,3.77,0
104.42,26.77,15.28,0.32,67.62,1
49.16,44.4,2.4,0.07,10.02,0
34.59,67.21,15.67,0.03,5.71,0
100.38,69.04,2.17,0.67,45.91,1
89.68,36.6,14.51,0.08,29.19,1
63.37,26.5,7.39,1.24,37.06,1
79.1,72.16,21.68,0.98,19.07,1
29.52,41.35,6.77,0.15,51.22,0
108.01,78.97,19.95,0.25,41.26,1
116.08,61.4,22.98,0.37,65.73,1
41.46,36.28,12.04,1.19,71.29,1
104.54,91.53,18.19,1.43,28.01,1
40.68,64.4,19.14,0.76,61.52,0
7.91,92.06,9.89,2.31,67.77,0
10.66,68.63,17.63,0.54,80.72,0
26.23,77.47,21.61,1.67,58.64,0
12.94,40.41,14.19,0.52,17.56,0
34.61,76.4,2.05,0.76,58.27,0
110.06,43.33,16.28,1.69,79.98,1
57.65,58.36,24.5,1.03,11.4,0
19.97,20.42,9.63,0.65,74.69,1
98.14,48.67,5.35,0.68,9.72,1
51.4,23.56,7.67,0.46,52.48,1
7.81,37.66,20.91,0.03,42.9,0
103.54,55.12,5.19,0.48,84.07,1
36.54,31.24,1.3,0.16,21.46,0
86.55,96.54,6.13,0.04,47.8,0
45.91,41.59,8.02,1.58,45.46,1
96.35,35.61,5.66,1.4,34.55,1
102.13,92.7,3.06,1.21,14.67,1
66.89,76.59,15.83,2.15,96.01,1
69.29,89.37,8.77,0.06,1.64,0
19.09,36.44,10.41,0.48,51.74,0
48.43,38.99,16.51,1.36,60.55,1
54.31,90.6,13.57,0.08,42.56,0
63.79,99.74,13.97,1.18,96.19,1
107.55,96.86,7.66,0.46,80.15,1
39.52,60.13,14.24,1.2,67.55,1
50.59,50.91,8.58,1.08,90.99,1
96.23,52.37,15.99,0.15,60.08,1
52.41,80.55,24.06,1.1,78.66,0
26.26,38.73,19.68,1.49,63.72,1
101.63,82.23,13.23,1.39,64.98,1
70.47,71.25,5.57,2.1,26.9,1
11.91,56.5,2.53,1.59,13.49,0
118.73,28.1,24.81,1.17,34.47,1
31.31,57.53,18.71,2.11,9.22,1
75.69,94.55,18.87,1.44,68.22,1
47.32,94.49,16.88,0.99,3.05,0
97.32,67.37,3.01,0.43,23.35,1
77.17,87.15,19.29,2.34,96.57,1
99.44,44.63,23.95,1.66,19.0,1
38.15,63.18,6.38,0.24,61.75,0
36.6,67.77,11.15,1.97,77.34,1
74.12,21.98,5.56,0.62,52.12,1
112.93,34.65,22.52,2.4,73.64,1
86.34,28.58,14.19,2.49,36.99,1
35.29,94.59,24.51,1.41,67.06,0
19.07,23.1,6.4,1.61,28.88,1
57.75,98.21,19.64,0.43,18.87,0
117.1,39.18,5.73,2.4,89.84,1
83.27,29.65,8.55,0.4,82.21,1
27.22,55.2,6.54,2.28,36.81,1
10.38,82.57,6.03,0.01,65.12,0
114.55,54.8,19.52,0.54,98.69,1
103.74,89.68,17.84,2.01,7.8,1
100.21,41.97,7.05,1.56,75.79,1
115.85,57.9,11.01,2.39,15.54,1
73.88,82.35,15.59,2.18,63.95,1
112.06,87.98,2.65,1.58,67.36,1
21.88,56.68,7.69,0.44,4.82,0
18.11,72.54,22.44,2.35,51.92,1
47.78,81.71,24.98,1.98,35.26,1
93.15,70.33,2.8,1.08,9.07,1
41.93,36.39,5.81,0.57,47.38,1
78.37,87.78,6.39,1.16,72.34,1
6.06,87.06,12.31,1.37,54.12,0
67.5,52.85,4.9,2.05,24.42,1
43.84,73.02,24.92,2.45,33.31,1
108.27,54.18,4.18,1.75,47.36,1
113.18,66.32,13.41,1.13,31.03,1
49.17,61.55,9.05,2.41,88.83,1
50.55,30.74,15.41,1.6,10.61,1
108.19,95.28,5.77,1.75,50.61,1
11.76,38.04,8.06,0.63,55.52,0
51.62,90.65,15.92,0.75,51.4,0
19.97,39.43,13.53,0.27,4.87,0
15.0,39.06,19.5,1.08,62.03,0
95.16,75.27,11.61,1.05,16.74,1
40.03,89.69,10.38,1.08,63.5,0
72.17,34.36,4.18,1.17,96.26,1
106.02,56.09,8.3,1.8,87.33,1
106.29,34.92,24.58,1.9,0.65,1
74.11,98.68,2.78,0.56,43.35,0
79.2,59.17,6.26,2.21,38.11,1
11.51,86.3,3.38,1.0,83.73,0
39.21,50.71,18.5,1.71,29.69,1
84.55,24.25,12.41,2.34,68.99,1
26.74,43.29,8.87,0.53,99.15,0
97.35,95.34,7.63,1.57,97.29,1
64.2,21.11,17.96,2.29,70.13,1
92.09,73.57,14.13,1.08,94.16,1
25.45,98.14,18.13,1.26,77.69,0
14.5,51.25,12.52,0.68,62.51,0
60.44,45.12,2.22,0.57,77.22,1
65.82,39.8,5.11,0.23,47.15,1
85.08,51.57,14.62,0.38,39.51,1
28.55,32.51,12.89,1.63,15.84,1
82.21,45.64,1.06,1.61,12.22,1
96.23,60.54,10.65,2.2,96.63,1
9.8,57.98,14.09,0.28,9.46,0
115.79,68.16,6.34,0.27,38.54,1
117.17,85.65,6.43,1.28,1.92,1
68.33,44.69,20.79,0.01,3.98,0
12.46,96.85,18.2,1.46,45.44,0
44.7,33.33,1.32,1.71,8.36,1
7.35,93.12,15.85,1.99,43.52,0
97.1,59.71,24.58,0.78,64.18,1
28.91,49.76,5.88,2.3,48.84,1
21.47,49.64,18.13,1.06,39.8,0
85.49,44.51,3.03,1.72,39.17,1
11.66,53.78,1.87,0.44,55.17,0
34.51,20.23,13.25,0.48,76.51,1
63.69,21.26,1.21,1.23,51.01,1
119.45,40.64,15.53,0.15,26.62,1
21.85,61.5,11.46,0.27,77.23,0
56.69,35.54,8.83,0.41,77.05,1
74.17,58.83,20.07,0.44,2.69,0
16.19,66.41,20.57,0.28,67.87,0
38.2,67.48,9.69,0.69,80.23,1
87.89,82.55,12.75,1.61,56.23,1
68.34,69.06,14.75,1.97,9.55,1
101.44,71.96,21.0,1.38,11.37,1
71.74,66.52,7.88,0.86,86.95,1
26.23,49.19,6.24,0.8,75.29,1
75.78,35.95,19.78,0.98,50.98,1
107.0,71.45,5.09,0.71,62.78,1
64.43,37.86,2.49,2.08,61.33,1
77.01,66.35,24.78,2.0,43.63,1
63.08,87.93,14.17,2.45,30.46,1
109.61,64.72,6.81,0.99,97.26,1
52.53,33.13,23.54,2.05,71.73,1
66.58,65.33,16.7,1.16,30.34,1
44.4,88.85,20.19,2.24,33.26,1
19.9,35.34,24.52,1.06,78.73,0
81.22,68.64,23.54,1.6,82.43,1
112.6,20.02,3.87,0.12,15.77,1
75.46,67.97,8.67,1.07,74.51,1
101.91,92.53,14.85,1.27,50.84,1
30.06,30.09,12.47,0.96,58.36,1
108.86,40.27,15.64,2.1,96.32,1
6.12,93.31,17.84,0.64,41.64,0
30.97,36.27,8.92,1.31,59.56,1
20.19,78.57,24.46,2.32,88.76,1
109.37,65.47,23.64,1.74,0.96,1
109.68,38.46,1.13,1.97,44.75,1
71.82,83.51,12.49,0.38,66.62,1
15.06,57.88,17.41,1.17,48.46,0
18.44,87.07,15.07,0.71,18.79,0
93.67,58.86,24.5,2.06,79.77,1
89.27,82.82,19.58,0.35,39.75,1
15.02,52.09,7.55,1.2,6.5,0
46.11,87.86,12.19,1.64,57.43,1
93.92,83.55,9.11,0.94,61.37,1
20.12,57.63,15.02,1.64,3.06,0
66.85,31.06,15.52,1.15,7.95,1
91.79,21.24,4.08,2.29,89.22,1
36.34,64.87,13.56,2.26,53.5,1
70.15,34.17,7.91,2.4,80.05,1
59.82,76.35,14.96,0.58,95.63,1
69.01,27.82,9.4,0.13,8.35,0
55.68,37.15,10.3,2.28,22.84,1
84.78,26.22,1.99,1.02,90.26,1
87.6,70.39,13.8,0.25,27.11,1
91.98,60.55,2.66,1.49,49.53,1
9.29,90.44,2.39,1.29,17.75,0
83.07,97.7,8.56,0.9,50.37,1
59.88,34.23,14.01,0.12,38.3,0
16.52,67.49,7.18,0.56,14.74,0
75.63,90.79,11.67,0.72,3.17,0
101.36,97.59,9.56,2.05,59.4,1
89.4,89.39,10.43,1.82,67.3,1
41.98,43.38,12.53,0.95,73.13,1
12.8,91.54,9.9,2.42,10.69,0
9.29,46.42,23.13,2.34,11.85,0
69.3,71.39,16.33,1.61,27.56,1
23.5,76.05,8.08,0.34,94.21,0
35.81,24.95,4.34,1.23,23.12,0
32.11,31.04,10.73,0.47,46.08,0
7.22,47.54,22.36,1.26,86.31,0
22.44,35.87,3.97,0.43,53.12,0
8.9,22.46,5.4,1.19,60.5,1
117.91,92.27,2.16,1.21,71.51,1
46.46,41.94,18.41,2.08,82.0,1
99.93,60.88,10.81,1.64,31.98,1
52.41,48.07,17.03,0.26,36.22,0
34.12,92.47,14.8,1.7,42.38,0
32.22,94.52,11.32,0.9,4.06,0
93.91,43.01,11.38,2.34,4.14,1
82.19,79.32,21.82,1.25,52.79,1
86.23,52.5,16.38,1.55,38.78,1
103.11,40.46,2.53,1.22,63.62,1
65.04,71.24,1.92,1.06,20.82,1
55.92,22.98,19.4,1.84,16.88,1
68.68,63.79,23.1,1.3,97.46,1
79.98,97.2,11.85,2.05,49.31,1
95.68,75.0,22.7,1.48,67.31,1
107.61,42.11,13.75,1.33,59.34,1
40.55,99.25,5.34,0.95,49.6,0
20.6,84.78,2.86,2.21,41.41,1
91.36,20.45,9.07,0.82,82.0,1
65.59,80.11,11.3,1.46,81.0,1
95.24,81.64,19.91,0.4,6.58,0
54.44,52.39,5.75,1.93,36.07,1
101.47,82.25,14.38,1.39,27.14,1
66.8,85.35,1.45,2.45,53.83,1
33.8,30.77,21.86,1.34,26.76,0
11.77,25.12,7.27,1.22,36.0,0
15.57,86.9,21.76,0.71,32.53,0
25.03,29.28,14.9,0.34,71.23,0
55.51,76.65,9.98,1.58,6.67,1
98.26,56.42,4.7,0.54,36.19,1
109.7,94.97,16.87,1.22,74.37,1
71.25,58.56,4.74,0.73,41.91,1
38.48,58.53,10.79,1.95,83.33,1
79.96,74.59,7.39,2.48,46.28,1
78.36,50.49,16.04,0.31,42.43,1
62.91,70.9,18.21,2.05,59.03,1
116.04,89.65,19.39,2.48,70.38,1
97.77,49.91,23.03,1.84,41.87,1
111.78,23.08,1.09,2.01,41.38,1
75.6,40.06,17.77,2.03,44.59,1
117.93,89.6,12.78,0.13,19.95,1
87.22,71.3,19.85,2.36,41.2,1
6.0,69.69,7.13,0.97,80.55,0
38.14,47.22,16.48,1.75,24.97,1
101.76,83.82,2.85,2.17,35.62,1
55.97,43.77,6.85,0.75,35.32,0
24.9,23.67,22.89,1.56,66.8,1
18.17,97.98,15.14,0.29,39.3,0
96.76,35.21,1.5,2.44,20.53,1
79.62,36.69,18.22,1.2,12.19,1
62.7,64.84,6.73,1.17,84.69,1
37.85,47.18,19.12,0.21,33.44,0
78.22,78.06,16.37,0.9,37.36,1
47.36,72.89,18.93,0.45,62.53,0
67.05,97.52,22.29,0.59,63.4,0
92.64,87.77,6.05,1.03,77.15,1
101.59,55.04,15.22,1.85,75.31,1
17.07,89.17,5.7,2.41,81.75,1
63.72,71.9,7.59,0.14,80.2,0
79.23,75.5,18.77,2.06,27.02,1
22.6,97.44,24.37,2.18,3.23,0
5.2,39.47,12.45,0.59,12.4,0
116.21,82.96,9.96,1.59,5.25,1
97.9,71.42,13.3,0.46,48.54,1
36.52,73.29,24.41,2.24,1.45,0
37.1,52.35,7.71,1.09,79.65,1
18.88,30.02,11.76,0.23,69.32,0
60.28,86.98,4.09,0.61,25.18,0
112.21,33.25,19.88,1.08,24.04,1
110.22,69.62,9.02,0.43,59.57,1
33.05,61.94,13.7,1.53,59.83,1
50.41,48.64,17.66,1.63,95.11,1
116.58,29.02,19.91,0.74,78.31,1
36.7,73.29,5.66,0.2,8.22,0
112.85,73.79,24.04,1.3,9.5,1
93.44,81.66,4.62,2.3,74.87,1
106.74,40.07,6.09,2.26,70.03,1
105.17,90.4,1.28,1.85,19.13,1
21.84,42.85,19.14,0.93,33.34,0
95.76,75.79,14.57,0.93,35.76,1
109.56,65.96,21.25,0.97,51.62,1
101.39,51.24,4.9,0.71,82.85,1
86.88,42.86,14.07,0.53,30.46,1
40.35,35.64,15.22,0.95,19.28,0
45.69,73.32,15.15,2.45,86.49,1
32.18,85.68,20.62,0.14,81.05,0
15.33,45.04,12.94,1.51,34.71,0
27.36,42.55,13.15,0.3,38.28,0
75.82,34.67,4.37,0.12,51.96,1
112.19,87.73,5.77,0.06,70.09,1
84.47,97.84,19.75,1.32,80.26,1
69.73,36.87,24.24,2.43,18.83,1
35.33,59.94,11.61,1.59,45.05,1
65.62,55.84,23.16,0.47,49.32,0
97.5,68.02,17.42,2.41,42.29,1
38.93,59.02,2.37,1.08,92.4,1
26.08,44.56,13.09,1.26,66.42,1
7.27,87.7,13.3,1.44,36.96,0
90.48,43.37,9.68,1.34,82.14,1
9.4,45.81,19.72,0.47,86.01,0
54.87,69.93,11.15,1.96,1.59,1
100.69,44.12,21.46,2.11,96.26,1
6.55,43.25,16.13,0.81,27.37,0
63.57,59.44,15.47,0.59,15.83,0
60.15,71.64,2.44,2.09,59.36,1
8.41,61.08,21.43,1.32,78.13,0
6.31,81.54,11.32,2.4,87.94,1
43.16,36.06,18.6,2.03,66.2,1
12.06,60.65,16.47,2.27,77.44,1
73.79,90.6,13.87,0.51,27.65,0
106.88,59.29,20.33,0.3,48.02,1
52.4,96.33,4.5,0.92,98.75,1
9.4,71.49,9.87,0.81,53.81,0
14.3,24.69,14.56,0.08,28.11,0
14.42,38.99,1.42,0.19,10.33,0
98.08,68.58,16.44,0.23,86.02,1
97.08,61.23,12.62,0.58,54.49,1
6.94,80.7,3.45,2.41,19.11,0
104.05,38.8,5.81,1.18,82.36,1
109.8,82.17,20.35,2.04,31.1,1
51.1,81.65,22.25,0.24,37.68,0
37.99,54.87,18.97,0.04,13.29,0
101.95,76.32,17.96,0.73,39.08,1
75.96,96.62,11.02,1.68,50.08,1
21.17,83.57,22.8,2.05,0.66,0
31.31,28.74,22.39,0.61,17.27,0
101.77,85.55,22.92,1.27,52.76,1
102.1,70.84,10.28,2.02,9.32,1
30.32,25.5,1.25,2.1,31.67,1
98.28,50.49,13.2,0.8,32.32,1
66.63,99.38,2.46,2.39,32.26,1
75.2,88.22,7.68,1.57,5.28,1
65.25,22.8,17.34,1.67,43.73,1
78.56,38.34,23.81,1.69,0.72,1
5.59,71.04,21.31,0.79,94.29,0
7.84,22.66,5.07,1.4,36.09,1
84.35,55.48,19.14,0.92,51.58,1
24.73,69.12,2.17,1.06,11.07,0
84.8,68.39,8.18,1.47,24.04,1
37.81,90.77,18.67,1.19,59.55,0
11.34,61.5,23.85,0.22,78.98,0
71.96,56.77,23.18,2.22,55.58,1
39.02,45.39,9.64,0.67,82.46,1
42.12,56.29,11.17,0.23,4.31,0
116.2,35.54,19.54,2.44,78.83,1
27.42,30.88,22.32,1.4,26.55,0
44.95,20.63,14.17,1.36,69.88,1
16.96,43.27,17.55,0.58,59.35,0
51.2,85.37,3.96,2.27,89.91,1
15.68,22.27,5.35,0.29,89.25,1
63.06,75.64,1.79,2.37,10.38,1
90.4,94.38,10.64,0.72,56.23,1
5.61,86.27,20.26,1.46,24.75,0
15.37,75.17,10.09,2.46,64.26,1
11.46,60.03,10.99,1.9,54.38,1
106.7,65.24,9.17,1.18,56.85,1
118.34,60.96,12.75,2.45,86.26,1
64.82,42.97,5.47,0.44,95.54,1
27.82,59.28,6.87,1.94,5.33,0
112.34,44.34,18.27,2.19,51.76,1
80.28,93.62,22.58,1.62,7.61,1
96.06,49.61,10.4,1.66,72.02,1
63.79,43.15,9.8,1.56,72.34,1
95.64,64.77,22.97,0.31,9.08,1
43.5,55.88,23.14,0.26,2.93,0
18.02,66.62,20.86,2.17,43.6,1
109.05,54.54,19.43,1.55,89.69,1
5.49,71.25,15.56,1.39,85.62,0
13.45,22.98,20.91,1.04,18.01,0
20.21,88.63,17.95,0.45,32.84,0
113.35,69.37,14.77,1.53,67.23,1
39.84,61.86,2.36,1.17,69.43,0
29.53,41.08,2.02,2.38,99.83,1
34.4,62.63,16.26,0.72,21.3,0
16.03,46.84,6.76,2.35,62.88,1
51.21,44.59,3.16,2.1,92.12,1
89.07,27.89,5.3,2.44,60.04,1
79.54,50.19,1.76,0.67,31.19,1
33.85,66.69,11.48,0.08,85.57,0
31.16,97.39,2.46,2.44,53.69,1
62.02,55.06,23.84,1.48,63.06,1
104.45,74.73,20.28,1.1,57.72,1
77.92,61.52,10.6,0.42,35.13,0
91.77,33.92,18.0,0.26,77.08,1
55.27,29.42,24.0,2.25,31.79,1
51.02,30.4,2.85,1.0,75.36,1
88.14,26.55,2.69,1.59,80.57,1
47.82,34.97,15.26,0.58,34.63,0
68.55,72.19,7.7,0.41,49.42,0
14.25,45.45,16.6,0.67,0.68,0
73.34,24.96,15.02,2.29,76.59,1
37.31,76.62,2.13,0.71,91.27,1
90.38,80.19,12.29,2.37,32.78,1
39.37,90.03,13.86,2.2,28.51,1
92.12,81.37,6.43,1.44,43.49,1
31.03,88.45,24.91,1.8,5.91,0
5.51,84.03,22.39,0.26,77.52,0
21.07,74.64,13.57,0.24,14.55,0
39.01,62.55,3.71,1.66,44.26,1
27.49,76.26,23.37,0.41,8.25,0
68.12,78.21,8.36,0.1,7.14,0
29.15,82.61,1.69,0.47,99.23,0
94.53,79.97,4.67,1.66,29.97,1
60.74,67.62,5.39,2.25,86.91,1
78.52,38.81,3.92,0.54,89.71,1
24.29,73.21,4.98,0.83,14.11,0
111.34,53.92,3.19,1.48,32.13,1
87.49,90.45,13.53,0.47,70.58,1
22.8,83.7,21.2,1.92,36.91,0
88.22,52.02,9.21,0.52,17.37,1
26.44,75.47,18.79,2.45,86.38,1
100.41,67.03,19.91,0.05,26.13,1
27.61,37.21,21.64,0.07,20.22,0
115.55,86.43,5.29,0.01,95.53,1
67.97,81.71,10.04,2.36,88.77,1
30.63,89.37,16.08,0.93,75.23,0
29.46,35.68,4.18,1.99,26.3,1
77.22,38.69,15.32,0.58,76.07,1
77.83,51.89,22.09,0.24,90.63,1
39.88,95.07,5.78,2.16,16.79,1
98.88,99.15,2.46,0.74,15.9,1
53.19,65.59,14.28,1.2,71.0,1
98.59,94.54,20.48,2.23,42.45,1
35.5,44.81,17.82,0.91,58.28,1
118.09,98.15,2.06,0.42,86.22,1
105.32,49.03,18.91,2.36,38.73,1
56.58,49.96,17.03,1.46,68.04,1
43.57,68.62,14.03,0.9,73.15,1
8.42,33.41,7.86,1.87,12.98,1
118.96,88.91,22.54,1.29,58.5,1
83.31,93.73,14.33,0.92,96.3,1
26.75,69.54,3.78,1.23,3.13,0
10.18,29.89,18.2,2.37,67.76,1
6.51,55.51,10.5,0.31,47.59,0
81.11,35.9,9.96,0.12,3.03,0
17.36,31.29,7.21,1.77,45.92,1
40.65,73.69,24.1,0.41,57.68,0
40.41,39.91,13.85,1.19,78.44,1
18.51,49.6,12.11,0.32,87.1,0
113.9,47.74,1.36,2.12,67.17,1
117.4,85.99,14.81,1.78,91.03,1
109.02,87.33,17.93,2.26,68.32,1
96.56,27.57,2.18,0.32,15.99,1
12.52,41.87,3.52,0.17,25.24,0
87.46,60.31,22.85,0.92,72.24,1
57.43,83.59,3.59,0.16,83.86,1
22.42,21.59,13.76,2.43,8.74,1
79.37,63.15,4.98,0.71,97.17,1
8.36,23.63,19.98,1.43,15.13,0
91.65,63.82,12.86,0.38,92.2,1
107.32,95.05,24.34,2.16,10.87,1
6.19,30.24,16.65,1.67,39.69,1
42.65,29.97,22.67,1.76,8.78,1
100.28,59.48,1.08,0.27,15.48,1
17.95,41.75,22.75,1.67,67.45,0
7.84,21.08,11.28,1.79,3.01,0
98.65,30.24,7.37,1.96,58.39,1
33.62,83.36,24.63,1.6,7.14,0
33.66,95.13,23.76,1.42,75.86,0
23.2,98.46,14.22,2.42,42.57,1
36.75,58.42,23.17,0.25,34.86,0
54.3,33.35,6.57,1.51,67.09,1
34.72,74.41,21.64,0.37,63.48,0
47.2,95.92,7.04,0.4,19.95,0
45.17,55.92,19.85,1.62,73.49,1
43.3,38.61,12.6,1.91,26.39,1
39.89,77.76,22.08,1.75,88.8,1
41.24,31.36,2.28,1.07,64.52,1
36.08,28.02,2.04,2.25,32.59,1
108.53,70.5,18.15,1.26,63.64,1
116.2,27.53,5.2,2.08,1.52,1
108.12,30.97,2.83,2.5,51.56,1
47.93,96.05,16.16,1.56,12.7,0
79.55,71.1,14.01,1.71,5.1,1
40.82,99.97,9.45,2.08,52.77,1
98.15,82.24,15.36,0.56,46.2,1
97.55,21.36,23.42,0.28,78.05,1
96.36,36.64,9.99,0.07,67.57,1
17.82,30.18,6.01,0.35,26.66,0
98.33,65.78,6.16,0.58,45.73,1
94.65,92.74,18.07,0.2,0.39,0
106.78,84.25,7.45,1.25,44.05,1
42.08,83.02,6.0,1.58,48.13,0
17.32,74.86,22.87,2.11,7.87,0
23.54,38.43,5.97,0.55,30.99,0
82.37,95.82,22.15,0.11,34.3,0
87.13,23.86,21.55,2.42,81.07,1
32.28,39.09,8.46,2.34,72.16,1
97.66,59.4,18.88,0.26,61.72,1
110.6,87.47,24.59,0.61,54.67,1
118.23,87.54,24.15,1.82,28.4,1
119.66,30.26,19.62,0.89,35.83,1
64.33,80.69,1.79,0.93,38.16,1
85.51,43.27,13.77,0.64,91.31,1
13.8,81.15,5.85,0.85,7.96,0
108.63,86.94,8.85,0.5,25.31,1
98.56,50.15,16.92,1.63,20.79,1
46.29,75.82,20.74,0.83,8.84,0
117.21,93.6,19.12,1.5,96.38,1
49.39,57.49,10.53,1.79,70.8,1
6.86,78.53,2.37,1.19,84.35,0
7.15,20.82,2.11,0.63,22.98,0
67.58,23.52,17.99,1.55,37.13,1
55.96,61.97,5.1,0.13,46.2,0
7.96,43.27,24.78,1.66,15.07,0
47.36,35.7,17.89,1.64,64.53,1
53.34,31.69,9.5,0.53,74.89,1
51.62,41.12,11.22,1.51,18.58,1
119.78,43.5,8.49,0.1,25.46,1
23.02,78.29,20.41,1.61,40.43,0
55.25,30.38,11.37,2.07,12.81,1
36.08,70.3,18.02,0.66,63.56,0
116.43,35.43,8.37,1.14,97.64,1
72.83,69.99,5.44,0.1,98.07,1
85.98,24.45,23.01,0.36,60.53,1
79.74,53.55,2.87,2.47,11.55,1
91.87,80.47,21.41,1.68,13.61,1
106.81,38.62,3.17,1.05,22.13,1
34.1,93.07,5.01,0.82,81.87,0
31.22,38.23,22.11,1.0,70.53,0
74.3,97.52,1.85,2.49,55.98,1
32.16,45.18,4.65,0.77,26.08,0
89.06,69.76,8.34,2.35,71.25,1
81.36,31.74,15.8,1.25,78.5,1
32.52,82.61,8.54,0.99,1.77,0
26.38,34.1,12.97,0.18,68.33,0
40.97,22.54,4.64,0.78,82.56,1
47.13,48.44,23.77,1.79,6.63,1
72.84,43.19,11.66,0.26,45.84,1
92.31,93.71,18.24,2.29,24.99,1
42.07,37.79,6.25,0.8,25.9,1
62.73,70.64,23.39,0.42,9.4,0
72.14,24.58,18.23,0.76,16.4,1
35.66,91.61,17.03,2.29,15.25,0
87.09,70.7,8.94,1.54,57.19,1
57.59,57.02,18.34,2.26,28.28,1
79.78,27.26,23.14,2.22,52.78,1
62.81,98.57,10.32,2.07,12.28,1
54.61,80.13,13.61,1.38,50.56,1
87.54,94.11,15.83,0.26,60.7,1
6.42,66.18,13.54,0.35,82.46,0
14.23,55.56,15.25,0.74,34.78,0
71.28,29.47,6.69,1.47,39.27,1
98.57,20.27,12.92,1.43,90.03,1
69.58,54.39,19.09,2.13,56.17,1
74.41,55.65,1.1,0.71,46.32,1
30.37,38.03,4.16,0.03,3.38,0
110.75,45.27,4.69,1.26,89.57,1
28.63,40.54,24.69,0.51,26.91,0
84.16,40.36,7.1,1.71,43.66,1
48.15,93.74,23.53,0.02,5.78,0
29.33,80.29,23.61,0.78,85.32,0
99.41,48.4,8.46,1.75,52.01,1
18.18,58.33,19.01,1.8,77.38,1
93.9,92.22,11.73,1.87,56.1,1
60.55,81.08,7.47,0.99,6.96,0
114.22,35.01,21.54,0.13,96.54,1
68.22,47.0,6.9,2.14,22.33,1
65.31,24.7,17.1,1.42,72.3,1
105.46,44.65,4.92,0.44,74.88,1
79.37,93.62,10.46,1.61,0.56,1
42.86,21.06,17.75,1.44,17.05,1
6.2,91.13,22.98,1.19,36.34,0
20.77,77.41,10.49,1.7,53.97,0
93.59,21.17,2.01,1.88,86.41,1
100.8,60.6,5.84,0.38,50.69,1
81.44,48.72,1.96,0.16,87.9,1
71.19,67.4,11.59,0.02,53.58,1
109.47,86.44,4.64,0.26,55.29,1
87.15,89.33,11.2,1.39,27.43,1
60.42,90.39,8.57,2.04,9.0,1
86.35,94.62,4.86,0.56,22.36,0
78.53,93.29,2.18,1.66,26.03,1
7.87,77.65,5.73,1.91,1.41,0
97.35,52.92,11.94,1.43,4.01,1
90.83,71.52,12.3,1.4,84.25,1
49.51,50.78,1.47,0.91,12.52,0
72.43,37.4,18.45,0.62,99.58,1
32.18,53.44,24.14,0.67,49.03,0
118.69,93.87,5.26,2.04,38.99,1
72.71,34.9,3.38,2.22,90.94,1
27.89,21.07,16.86,2.22,99.06,1
118.87,42.52,11.11,1.34,40.19,1
103.11,84.78,8.39,1.12,16.27,1
44.57,79.49,4.82,0.12,96.66,0
80.56,90.31,1.1,1.93,59.67,1
112.3,78.18,11.4,1.04,98.19,1
69.29,69.88,23.48,0.73,15.66,0
75.97,86.52,24.27,1.46,45.89,1
58.93,69.77,14.65,1.07,46.46,1
119.41,84.48,11.07,1.97,41.21,1
112.35,44.21,10.51,1.81,74.4,1
8.25,88.66,14.19,1.56,66.62,0
56.57,33.38,9.54,0.98,28.64,1
44.1,46.91,23.91,0.07,28.84,0
22.91,40.12,23.09,0.33,46.12,0
39.0,85.59,6.47,0.25,27.46,0
87.48,35.3,9.54,1.76,3.67,1
61.01,30.67,14.48,2.13,13.9,1
40.45,50.38,9.28,2.11,43.34,1
110.79,59.2,7.75,0.76,70.97,1
85.01,69.29,23.94,0.76,96.82,1
36.82,34.63,4.84,1.58,8.71,1
96.21,67.19,18.72,2.36,66.83,1
119.84,49.54,21.8,1.42,95.91,1
85.99,75.27,15.13,1.73,28.66,1
59.61,97.06,1.07,0.31,83.57,1
96.48,33.11,8.73,1.87,48.01,1
66.24,82.98,6.96,1.51,96.93,1
71.08,20.5,18.18,1.04,55.82,1
116.12,20.88,2.8,0.54,41.79,1
113.41,32.08,13.29,1.77,10.22,1
72.77,31.76,18.57,1.13,58.73,1
31.4,98.46,23.66,0.56,38.28,0
61.97,29.94,17.67,2.22,29.46,1
55.1,74.33,18.78,1.28,22.37,0
43.06,91.39,12.63,0.9,73.51,0
74.43,79.18,8.3,2.37,19.67,1
15.89,20.87,22.31,0.36,19.6,0
18.31,72.6,1.11,2.38,85.95,1
116.51,69.1,14.51,1.52,68.3,1
114.58,54.78,11.38,1.37,32.74,1
48.7,87.9,14.16,2.34,43.92,1
118.57,62.67,17.43,0.67,31.48,1
87.6,97.36,21.5,0.53,46.66,1
111.29,52.57,1.65,0.27,57.04,1
43.16,61.8,6.14,2.23,81.05,1
101.9,25.39,4.97,1.11,19.63,1
74.57,92.99,9.38,1.01,85.07,1
101.81,93.46,3.48,1.81,17.53,1
15.1,95.11,10.0,1.81,51.58,0
45.31,63.93,5.73,0.37,46.04,0
54.36,57.45,18.7,0.56,12.26,0
97.3,89.57,12.97,2.32,62.05,1
32.84,98.48,13.46,0.37,85.79,0
5.38,79.93,7.41,2.31,74.89,1
49.7,66.16,5.88,1.06,10.93,0
110.98,22.06,20.02,1.18,73.03,1
22.55,99.73,5.24,0.66,65.91,0
91.25,95.44,17.08,0.95,75.67,1
113.96,86.87,22.44,0.56,29.7,1
33.84,47.04,2.63,1.95,51.28,1
23.11,83.44,24.62,1.65,97.96,1
44.45,75.64,22.85,2.06,55.03,1
38.62,27.4,22.88,0.11,86.67,0
36.1,30.46,10.74,1.54,20.55,1
59.57,61.92,2.63,0.9,10.15,0
69.24,65.62,18.1,0.88,94.09,1
5.73,43.14,14.82,2.0,78.08,1
102.0,96.55,18.94,2.25,53.39,1
20.64,31.38,6.87,0.07,71.31,0
92.68,44.91,2.77,1.63,61.3,1
14.48,69.16,13.68,0.97,84.19,1
92.83,26.92,16.96,0.15,73.82,1
46.79,21.56,11.64,2.01,7.59,1
32.8,100.0,22.85,1.02,48.64,0
92.24,63.51,21.09,0.44,69.17,1
11.42,71.84,2.54,1.44,71.52,1
56.61,59.86,1.22,0.66,88.88,1
108.59,64.72,4.98,0.97,27.17,1
109.34,24.28,18.63,2.23,86.24,1
58.92,83.17,17.56,2.13,44.57,1
100.57,62.34,24.26,0.98,34.67,1
81.81,41.92,17.26,1.36,62.8,1
35.1,21.62,2.06,0.51,34.94,0
46.12,34.73,17.13,1.07,63.42,1
111.68,46.41,24.68,0.41,29.84,1
106.44,99.11,3.88,0.43,21.93,1
115.13,91.98,11.92,1.63,40.4,1
30.44,65.23,17.13,1.34,76.13,0
22.35,76.61,5.83,1.84,12.13,0
19.17,49.07,5.04,1.14,32.08,0
59.97,36.12,9.63,0.67,92.25,1
34.6,79.97,7.82,1.28,11.2,0
113.84,41.16,16.41,0.34,80.69,1
61.46,73.94,1.5,1.15,84.94,1
87.9,42.23,14.62,1.42,9.93,1
119.57,69.82,20.43,1.35,44.69,1
55.06,83.33,21.5,0.83,3.04,0
7.47,54.02,15.16,2.47,49.86,1
6.74,27.81,8.76,1.91,83.31,1
59.25,54.03,4.62,1.65,52.55,1
78.37,77.17,4.48,0.42,78.22,1
17.14,80.84,12.41,1.15,6.81,0
30.26,63.83,15.71,1.59,2.59,0
89.52,84.52,10.03,1.7,35.37,1
87.01,91.81,24.63,1.13,65.63,1
115.44,87.0,24.22,0.86,71.84,1
89.1,45.18,9.86,1.32,36.12,1
101.61,63.07,2.9,1.12,78.74,1
73.34,66.95,14.86,1.56,34.25,1
83.43,94.44,14.02,0.91,59.47,1
86.74,79.39,24.09,0.52,21.79,1
25.19,79.5,15.05,1.74,28.87,0
48.92,36.29,9.02,0.51,17.45,0
50.86,40.05,20.39,0.41,24.9,0
49.52,59.22,8.32,2.21,65.96,1
26.54,31.58,21.52,1.34,49.0,1
53.69,70.29,14.57,1.98,41.95,1
89.87,70.93,12.05,1.81,19.27,1
118.86,62.08,9.11,1.6,3.58,1
12.92,69.83,9.15,0.68,6.21,0
103.03,28.87,5.04,1.33,1.38,1
95.25,99.86,10.85,2.2,50.28,1
60.12,75.6,19.81,1.71,88.74,1
39.22,87.44,12.04,1.07,39.44,0
60.58,25.5,15.15,1.22,2.51,1
50.18,34.92,24.35,2.13,13.89,1
108.46,86.75,7.17,1.98,7.17,1
37.2,75.79,23.0,1.68,9.34,0
15.88,78.7,15.5,2.32,12.93,0
63.02,25.24,14.91,1.6,29.86,1
25.44,44.97,3.22,2.34,33.49,1
31.61,75.65,17.3,2.1,51.9,1
85.24,49.36,16.35,1.46,45.04,1
106.8,93.87,16.04,0.37,60.04,1
108.09,57.02,16.82,0.8,24.78,1
97.78,28.18,16.31,1.49,3.4,1
95.51,42.8,8.5,1.6,23.9,1
98.33,52.46,4.12,0.08,62.84,1
42.32,34.59,8.01,2.09,65.15,1
76.4,53.01,7.59,0.85,98.02,1
25.88,88.54,5.04,1.8,79.43,1
103.05,72.32,2.48,0.29,55.64,1
115.15,64.41,4.51,1.37,38.9,1
34.05,55.04,4.09,2.19,19.25,1
12.98,91.17,22.92,0.74,49.12,0
88.89,58.54,9.62,1.38,73.39,1
110.46,67.86,12.21,1.11,88.38,1
102.0,40.99,19.45,0.78,95.91,1
6.5,39.17,16.32,1.24,29.06,0
54.55,20.71,16.93,2.13,90.95,1
50.47,92.46,19.64,0.75,0.11,0
53.46,39.62,3.64,1.9,33.01,1
21.13,97.73,2.91,0.91,53.39,0
92.54,41.02,13.3,1.99,73.47,1
84.63,82.16,24.13,0.02,46.64,0
75.36,72.52,14.82,0.73,37.74,1
111.82,62.28,19.37,0.55,10.73,1
87.27,34.87,5.62,0.21,36.03,1
42.15,85.94,1.67,0.82,18.5,0
98.85,96.44,6.22,0.51,34.9,1
113.91,32.72,19.54,0.75,96.23,1
23.55,35.29,5.24,2.48,45.48,1
65.83,53.97,10.06,1.39,74.91,1
94.62,23.95,23.5,1.88,95.67,1
46.15,23.79,24.26,1.47,63.4,1
47.4,28.03,24.02,0.91,48.61,1
85.63,31.88,12.3,0.75,84.43,1
68.6,26.85,17.91,0.35,10.5,1
76.62,36.04,11.24,0.71,39.24,1
28.61,71.92,5.11,2.41,46.47,1
78.97,66.82,15.66,1.53,55.91,1
62.05,50.2,8.36,0.45,46.12,1
80.55,82.26,19.51,0.62,97.23,1
38.7,34.72,11.95,2.06,39.78,1
21.25,58.98,24.7,1.64,6.95,0
101.23,38.19,19.19,0.11,72.59,1
18.01,75.3,2.64,1.48,35.92,0
17.88,76.07,18.73,1.17,35.21,0
57.77,95.24,1.88,1.59,61.02,1
52.72,33.18,23.01,0.79,54.78,1
113.72,29.55,1.23,1.11,8.73,1
52.4,95.87,1.88,1.59,76.55,1
42.47,28.99,2.49,1.01,80.55,1
41.97,93.94,12.01,0.64,73.18,0
33.66,82.77,4.56,0.79,74.63,0
89.98,34.85,1.53,0.95,7.39,1
8.34,86.44,15.12,1.51,84.21,0
79.56,22.28,13.58,0.33,37.18,1
12.48,64.97,20.29,0.52,32.8,0
32.62,53.09,3.27,2.0,17.52,1
15.4,48.16,3.13,1.06,79.81,1
92.51,82.39,17.53,1.86,84.11,1
29.76,54.96,24.9,0.12,23.57,0
83.26,85.55,24.84,1.42,21.31,1
59.61,20.75,4.56,1.4,34.59,1
112.04,62.62,11.61,2.26,39.57,1
23.17,71.19,16.52,1.78,46.91,1
60.34,46.06,20.26,0.7,98.96,1
15.48,88.27,2.25,1.83,2.92,0
25.29,74.31,11.14,2.42,30.77,1
13.47,33.9,1.87,0.35,97.6,0
44.56,46.83,20.57,0.87,93.95,1
82.85,30.15,21.09,1.54,91.39,1
36.93,66.39,23.37,1.53,67.33,0
40.7,88.98,4.7,1.87,51.26,1
11.26,99.3,15.84,1.55,21.17,0
39.8,64.22,16.86,0.53,40.54,0
103.35,23.46,10.39,0.76,34.52,1
70.3,84.99,6.68,1.7,33.78,1
116.56,60.06,2.05,1.1,28.28,1
84.57,32.29,7.35,1.3,22.54,1
20.26,29.46,8.98,1.32,18.0,0
23.44,81.18,21.21,0.41,25.24,0
49.96,23.66,1.08,0.52,9.92,1
24.88,44.43,12.51,0.1,51.71,0
8.11,87.42,22.9,0.7,26.41,0
31.35,70.07,2.35,0.13,49.25,0
51.23,62.39,17.9,1.04,75.46,1
64.29,93.29,1.91,0.73,26.76,0
29.17,59.76,4.31,2.17,9.28,1
23.99,56.5,5.43,2.42,2.91,1
84.34,95.76,18.76,1.01,81.3,1
15.95,23.04,23.1,0.76,31.22,0
